Name,Phone Number,Email,City
আহমেদ আলী,+88017923112411,আহমেদআলী@hotmail.com,ঢাকা
ফাতেমা বেগম,+88017931442057,ফাতেমাবেগম@hotmail.com,চট্টগ্রাম
মোহাম্মদ রহমান,+88017626121116,মোহাম্মদরহমান@gmail.com,সিলেট
আয়েশা খাতুন,+88017700113121,আয়েশাখাতুন@gmail.com,রাজশাহী
আব্দুল করিম,+88017167556386,আব্দুলকরিম@outlook.com,খুলনা
রাহেলা সুলতানা,+88017219907749,রাহেলাসুলতানা@gmail.com,ঢাকা
হাসান মাহমুদ,+88017885785893,হাসানমাহমুদ@outlook.com,চট্টগ্রাম
নাজমা আক্তার,+88017303689753,নাজমাআক্তার@gmail.com,সিলেট
ইব্রাহিম হোসেন,+88017494378653,ইব্রাহিমহোসেন@yahoo.com,রাজশাহী
সাবরিনা ইয়াসমিন,+88017780288480,সাবরিনাইয়াসমিন@gmail.com,খুলনা
মুস্তাফা আহমেদ,+88017971341033,মুস্তাফাআহমেদ@yahoo.com,ঢাকা
রেহানা পারভীন,+88017614882537,রেহানাপারভীন@outlook.com,চট্টগ্রাম
আব্দুল্লাহ খান,+88017840363122,আব্দুল্লাহখান@hotmail.com,সিলেট
মরিয়ম বেগম,+88017794049912,মরিয়মবেগম@yahoo.com,রাজশাহী
রফিকুল ইসলাম,+88017257650676,রফিকুলইসলাম@yahoo.com,খুলনা
তানিয়া আহমেদ,+88017756586107,তানিয়াআহমেদ@yahoo.com,ঢাকা
শাহজাহান আলী,+88017174389690,শাহজাহানআলী@hotmail.com,চট্টগ্রাম
নুসরাত জাহান,+88017150127487,নুসরাতজাহান@outlook.com,সিলেট
মাহমুদুর রহমান,+88017963290469,মাহমুদুররহমান@outlook.com,রাজশাহী
ফারজানা আক্তার,+88017220765066,ফারজানাআক্তার@gmail.com,খুলনা
